<?xml version="1.0" encoding="UTF-8"?>
<project-private xmlns="http://www.netbeans.org/ns/project-private/1">
    <editor-bookmarks xmlns="http://www.netbeans.org/ns/editor-bookmarks/2" lastBookmarkId="0"/>
    <open-files xmlns="http://www.netbeans.org/ns/projectui-open-files/2">
        <group>
            <file>file:/C:/Users/barte/Documents/NetBeansProjects/Kurantowicz_Lab3/src/kurantowicz_lab3/Kurantowicz_Lab3.java</file>
            <file>file:/C:/Users/barte/Documents/NetBeansProjects/Kurantowicz_Lab3/src/kurantowicz_lab3/Budynek.java</file>
            <file>file:/C:/Users/barte/Documents/NetBeansProjects/Kurantowicz_Lab3/src/kurantowicz_lab3/BudynekMieszkalny.java</file>
            <file>file:/C:/Users/barte/Documents/NetBeansProjects/Kurantowicz_Lab3/src/kurantowicz_lab3/Osoba.java</file>
            <file>file:/C:/Users/barte/Documents/NetBeansProjects/Kurantowicz_Lab3/src/kurantowicz_lab3/Student.java</file>
            <file>file:/C:/Users/barte/Documents/NetBeansProjects/Kurantowicz_Lab3/src/kurantowicz_lab3/Pilkarz.java</file>
            <file>file:/C:/Users/barte/Documents/NetBeansProjects/Kurantowicz_Lab3/src/kurantowicz_lab3/KurantowiczLab3Zad2.java</file>
            <file>file:/C:/Users/barte/Documents/NetBeansProjects/Kurantowicz_Lab3/src/kurantowicz_lab3/Ocena.java</file>
            <file>file:/C:/Users/barte/Documents/NetBeansProjects/Kurantowicz_Lab3/src/kurantowicz_lab3/PilkarzNozny.java</file>
            <file>file:/C:/Users/barte/Documents/NetBeansProjects/Kurantowicz_Lab3/src/kurantowicz_lab3/PilkarzReczny.java</file>
            <file>file:/C:/Users/barte/Documents/NetBeansProjects/Kurantowicz_Lab3/src/kurantowicz_lab3/KurantowiczLab2Zad3.java</file>
            <file>file:/C:/Users/barte/Documents/NetBeansProjects/Kurantowicz_Lab3/src/kurantowicz_lab3/KurantowiczLab3Zad1.java</file>
        </group>
    </open-files>
</project-private>
